역사명,호선1,호선2,호선3,호선4,호선5,총 호선
수서,수도권 광역급행철도,분당선,3호선,,,3
삼성,수도권 광역급행철도,,,,,1
서울,수도권 광역급행철도,,,,,1
연신내,수도권 광역급행철도,6호선,3호선,,,3
김포공항,김포골드라인,공항철도1호선,9호선,5호선,서해선,5
신설동,우이신설선,2호선,1호선,,,3
보문,우이신설선,6호선,,,,2
성신여대입구(돈암),우이신설선,4호선,,,,2
정릉,우이신설선,,,,,1
북한산보국문,우이신설선,,,,,1
솔샘,우이신설선,,,,,1
삼양사거리,우이신설선,,,,,1
삼양,우이신설선,,,,,1
화계,우이신설선,,,,,1
가오리,우이신설선,,,,,1
4.19민주묘지,우이신설선,,,,,1
솔밭공원,우이신설선,,,,,1
북한산우이,우이신설선,,,,,1
관악산(서울대),신림선,,,,,1
서울대벤처타운,신림선,,,,,1
서원,신림선,,,,,1
신림,신림선,2호선,,,,2
당곡,신림선,,,,,1
보라매병원,신림선,,,,,1
보라매공원,신림선,,,,,1
보라매,신림선,7호선,,,,2
서울지방병무청,신림선,,,,,1
대방,신림선,경부선,,,,2
샛강,신림선,9호선,,,,2
청계산입구,신분당선,,,,,1
양재시민의숲(매헌),신분당선,,,,,1
양재(서초구청),신분당선,3호선,,,,2
강남,신분당선,2호선,,,,2
신논현,신분당선,9호선,,,,2
논현,신분당선,7호선,,,,2
신사,신분당선,3호선,,,,2
마곡나루,공항철도1호선,9호선,,,,2
디지털미디어시티,공항철도1호선,6호선,경의중앙선,,,3
홍대입구,공항철도1호선,경의중앙선,2호선,,,3
공덕,공항철도1호선,6호선,5호선,경의중앙선,,4
서울역,공항철도1호선,경의중앙선,경부선,4호선,1호선,5
중앙보훈병원,9호선,,,,,1
둔촌오륜,9호선,,,,,1
올림픽공원(한국체대),9호선,5호선,,,,2
한성백제,9호선,,,,,1
송파나루,9호선,,,,,1
석촌,9호선,8호선,,,,2
석촌고분,9호선,,,,,1
삼전,9호선,,,,,1
종합운동장,9호선,2호선,,,,2
봉은사,9호선,,,,,1
삼성중앙,9호선,,,,,1
선정릉,9호선,분당선,,,,2
언주,9호선,,,,,1
사평,9호선,,,,,1
고속터미널,9호선,7호선,3호선,,,3
신반포,9호선,,,,,1
구반포,9호선,,,,,1
동작(현충원),9호선,4호선,,,,2
흑석(중앙대입구),9호선,,,,,1
노들,9호선,,,,,1
노량진,9호선,경부선,,,,2
여의도,9호선,5호선,,,,2
국회의사당,9호선,,,,,1
당산,9호선,2호선,,,,2
선유도,9호선,,,,,1
신목동,9호선,,,,,1
염창,9호선,,,,,1
등촌,9호선,,,,,1
증미,9호선,,,,,1
가양,9호선,,,,,1
양천향교,9호선,,,,,1
신방화,9호선,,,,,1
공항시장,9호선,,,,,1
개화,9호선,,,,,1
춘의,7호선(인천),7호선,,,,2
부천종합운동장,7호선(인천),7호선,서해선,,,3
까치울,7호선(인천),7호선,,,,2
남위례,8호선,,,,,1
모란,8호선,분당선,,,,2
복정,8호선,,,,,1
장지,8호선,,,,,1
문정,8호선,,,,,1
가락시장,8호선,3호선,,,,2
송파,8호선,,,,,1
잠실(송파구청),8호선,2호선,,,,2
몽촌토성(평화의문),8호선,,,,,1
강동구청,8호선,,,,,1
천호(풍납토성),8호선,5호선,,,,2
암사,8호선,,,,,1
암사역사공원,8호선,,,,,1
장자호수공원,별내선,,,,,1
구리,별내선,중앙선,,,,2
동구릉,별내선,,,,,1
다산,별내선,,,,,1
별내,별내선,경춘선,,,,2
온수(성공회대입구),7호선,경인선,,,,2
천왕,7호선,,,,,1
광명사거리,7호선,,,,,1
철산,7호선,,,,,1
가산디지털단지,7호선,경부선,,,,2
남구로,7호선,,,,,1
대림(구로구청),7호선,2호선,,,,2
신풍,7호선,,,,,1
신대방삼거리,7호선,,,,,1
장승배기,7호선,,,,,1
상도,7호선,,,,,1
숭실대입구(살피재),7호선,,,,,1
남성,7호선,,,,,1
이수,7호선,,,,,1
내방,7호선,,,,,1
반포,7호선,,,,,1
학동,7호선,,,,,1
강남구청,7호선,분당선,,,,2
청담,7호선,,,,,1
뚝섬유원지,7호선,,,,,1
건대입구,7호선,2호선,,,,2
어린이대공원(세종대),7호선,,,,,1
군자(능동),7호선,5호선,,,,2
중곡,7호선,,,,,1
용마산,7호선,,,,,1
사가정,7호선,,,,,1
면목,7호선,,,,,1
상봉(시외버스터미널),7호선,중앙선,,,,2
중화,7호선,,,,,1
먹골,7호선,,,,,1
태릉입구,7호선,6호선,,,,2
공릉(서울과학기술대),7호선,,,,,1
하계,7호선,,,,,1
중계,7호선,,,,,1
노원,7호선,4호선,,,,2
마들,7호선,,,,,1
수락산,7호선,,,,,1
신내,6호선,경춘선,,,,2
봉화산(서울의료원),6호선,,,,,1
화랑대(서울여대입구),6호선,,,,,1
석계,6호선,경원선,,,,2
돌곶이,6호선,,,,,1
상월곡(한국과학기술연구원),6호선,,,,,1
월곡(동덕여대),6호선,,,,,1
고려대(종암),6호선,,,,,1
안암(고대병원앞),6호선,,,,,1
창신,6호선,,,,,1
동묘앞,6호선,1호선,,,,2
신당,6호선,2호선,,,,2
청구,6호선,5호선,,,,2
약수,6호선,3호선,,,,2
버티고개,6호선,,,,,1
한강진,6호선,,,,,1
이태원,6호선,,,,,1
녹사평(용산구청),6호선,,,,,1
삼각지,6호선,4호선,,,,2
효창공원앞,6호선,경의중앙선,,,,2
대흥(서강대앞),6호선,,,,,1
광흥창(서강),6호선,,,,,1
상수,6호선,,,,,1
합정,6호선,2호선,,,,2
망원,6호선,,,,,1
마포구청,6호선,,,,,1
월드컵경기장(성산),6호선,,,,,1
증산(명지대앞),6호선,,,,,1
새절(신사),6호선,,,,,1
구산,6호선,,,,,1
독바위,6호선,,,,,1
불광,6호선,3호선,,,,2
역촌,6호선,,,,,1
응암,6호선,,,,,1
강일,5호선,,,,,1
마천,5호선,,,,,1
거여,5호선,,,,,1
개롱,5호선,,,,,1
오금,5호선,3호선,,,,2
방이,5호선,,,,,1
둔촌동,5호선,,,,,1
상일동,5호선,,,,,1
고덕,5호선,,,,,1
명일,5호선,,,,,1
굽은다리(강동구민회관앞),5호선,,,,,1
길동,5호선,,,,,1
강동,5호선,,,,,1
광나루(장신대),5호선,,,,,1
아차산(어린이대공원후문),5호선,,,,,1
장한평,5호선,,,,,1
답십리,5호선,,,,,1
마장,5호선,,,,,1
왕십리(성동구청),5호선,경원선,2호선,,,3
행당,5호선,,,,,1
신금호,5호선,,,,,1
동대문역사문화공원,5호선,4호선,2호선,,,3
을지로4가,5호선,2호선,,,,2
종로3가,5호선,3호선,1호선,,,3
광화문(세종문화회관),5호선,,,,,1
서대문,5호선,,,,,1
충정로(경기대입구),5호선,2호선,,,,2
애오개,5호선,,,,,1
마포,5호선,,,,,1
여의나루,5호선,,,,,1
신길,5호선,경부선,,,,2
영등포시장,5호선,,,,,1
영등포구청,5호선,2호선,,,,2
양평,5호선,,,,,1
오목교(목동운동장앞),5호선,,,,,1
목동,5호선,,,,,1
신정(은행정),5호선,,,,,1
까치산,5호선,,,,,1
화곡,5호선,,,,,1
우장산,5호선,,,,,1
발산,5호선,,,,,1
마곡,5호선,,,,,1
송정,5호선,,,,,1
개화산,5호선,,,,,1
방화,5호선,,,,,1
원종,서해선,,,,,1
삼송,일산선,,,,,1
지축,일산선,3호선,,,,2
원흥,일산선,,,,,1
도봉,경원선,,,,,1
방학,경원선,,,,,1
태평,분당선,,,,,1
가천대,분당선,,,,,1
압구정로데오,분당선,,,,,1
서울숲,분당선,,,,,1
구일,경인선,,,,,1
역곡,경인선,,,,,1
오류동,경인선,,,,,1
개봉,경인선,,,,,1
독산,경부선,,,,,1
석수,경부선,,,,,1
금천구청,경부선,,,,,1
구로,경부선,,,,,1
정부과천청사,과천선,,,,,1
과천,과천선,,,,,1
대공원,과천선,,,,,1
경마공원,과천선,,,,,1
선바위,과천선,,,,,1
퇴계원,경춘선,,,,,1
갈매,경춘선,,,,,1
행신,경의중앙선,,,,,1
강매,경의중앙선,,,,,1
화전,경의중앙선,,,,,1
수색,경의중앙선,,,,,1
가좌,경의중앙선,,,,,1
서강대,경의중앙선,,,,,1
신촌,경의중앙선,2호선,,,,2
도농,중앙선,,,,,1
양원,중앙선,,,,,1
망우,중앙선,,,,,1
중랑,중앙선,,,,,1
대모산입구,분당선,,,,,1
개포동,분당선,,,,,1
구룡,분당선,,,,,1
도곡,분당선,3호선,,,,2
한티,분당선,,,,,1
선릉,분당선,2호선,,,,2
녹천,경원선,,,,,1
월계,경원선,,,,,1
광운대,경원선,,,,,1
신이문,경원선,,,,,1
외대앞,경원선,,,,,1
회기,중앙선,,,,,1
청량리(서울시립대입구),경원선,1호선,,,,2
응봉,경원선,,,,,1
옥수,경원선,3호선,,,,2
한남,경원선,,,,,1
서빙고,경원선,,,,,1
이촌(국립중앙박물관),경원선,4호선,,,,2
신도림,경부선,2호선,,,,2
영등포,경부선,,,,,1
용산,경부선,,,,,1
남영,경부선,,,,,1
남태령,4호선,,,,,1
사당,4호선,2호선,,,,2
총신대입구(이수),4호선,,,,,1
신용산,4호선,,,,,1
숙대입구(갈월),4호선,,,,,1
회현(남대문시장),4호선,,,,,1
명동,4호선,,,,,1
충무로,4호선,3호선,,,,2
동대문,4호선,1호선,,,,2
혜화,4호선,,,,,1
한성대입구(삼선교),4호선,,,,,1
길음,4호선,,,,,1
미아사거리,4호선,,,,,1
미아(서울사이버대학),4호선,,,,,1
수유(강북구청),4호선,,,,,1
쌍문,4호선,,,,,1
창동,4호선,,,,,1
상계,4호선,,,,,1
불암산,4호선,,,,,1
경찰병원,3호선,,,,,1
일원,3호선,,,,,1
대청,3호선,,,,,1
학여울,3호선,,,,,1
대치,3호선,,,,,1
매봉,3호선,,,,,1
남부터미널(예술의전당),3호선,,,,,1
교대(법원.검찰청),3호선,2호선,,,,2
잠원,3호선,,,,,1
압구정,3호선,,,,,1
금호,3호선,,,,,1
동대입구,3호선,,,,,1
을지로3가,3호선,2호선,,,,2
안국,3호선,,,,,1
경복궁(정부서울청사),3호선,,,,,1
독립문,3호선,,,,,1
무악재,3호선,,,,,1
홍제,3호선,,,,,1
녹번,3호선,,,,,1
구파발,3호선,,,,,1
용두(동대문구청),2호선,,,,,1
신정네거리,2호선,,,,,1
양천구청,2호선,,,,,1
도림천,2호선,,,,,1
신답,2호선,,,,,1
용답,2호선,,,,,1
아현,2호선,,,,,1
이대,2호선,,,,,1
문래,2호선,,,,,1
구로디지털단지,2호선,,,,,1
신대방,2호선,,,,,1
봉천,2호선,,,,,1
서울대입구(관악구청),2호선,,,,,1
낙성대,2호선,,,,,1
방배,2호선,,,,,1
서초,2호선,,,,,1
역삼,2호선,,,,,1
삼성(무역센터),2호선,,,,,1
잠실새내,2호선,,,,,1
잠실나루,2호선,,,,,1
강변(동서울터미널),2호선,,,,,1
구의(광진구청),2호선,,,,,1
성수,2호선,,,,,1
뚝섬,2호선,,,,,1
한양대,2호선,,,,,1
상왕십리,2호선,,,,,1
을지로입구,2호선,,,,,1
시청,2호선,1호선,,,,2
제기동,1호선,,,,,1
종로5가,1호선,,,,,1
종각,1호선,,,,,1
